Id;Title;Description;Priority;Status
1;Настройка сервера;Установить и настроить веб-сервер nginx;High;Active
2;Обновление документации;Обновить README и API-документацию;Medium;Inactive
3;Исправление багов;Исправить критические ошибки в модуле авторизации;High;Active
4;Рефакторинг кода;Оптимизировать методы работы с базой данных;Medium;Inactive
5;Написание тестов;Покрыть unit-тестами сервисный слой;High;Active
6;Код-ревью;Проверить пул-реквесты от команды;Low;Inactive
7;Разработка API;Создать REST API для работы с пользователями;High;Inactive
8;Обновление зависимостей;Обновить библиотеки до последних версий;Low;Active
9;Миграция базы данных;Перенести данные в новую схему;High;Inactive
10;Дизайн интерфейса;Создать макеты для личного кабинета;Medium;Active
11;Оптимизация запросов;Ускорить медленные SQL-запросы;High;Inactive
12;Интеграция оплаты;Подключить платежный шлюз;High;Active
13;Логирование;Добавить структурированное логирование;High;Inactive
14;Резервное копирование;Настроить бэкапы базы данных;High;Active
15;Обучение команды;Провести воркшоп по новому фреймворку;Low;Inactive
16;Релиз версии;Подготовить и выпустить версию 2.0;High;Active
